id, timestamp, weight, anomaly
100101,16-08-2022 09:04:59,0.5363886895,0
100102,16-08-2022 09:05:42,0.5331204685,0
100103,16-08-2022 09:06:23,0.529678721,0
100104,16-08-2022 09:07:57,0.5335233745,0
100201,16-08-2022 09:10:26,0.5309466755,0
100202,16-08-2022 09:11:49,0.530971778,0
100203,16-08-2022 09:15:22,0.532307988,0
100204,16-08-2022 09:16:53,0.5317945785,0
100301,16-08-2022 09:17:43,0.533063626,0
100302,16-08-2022 09:18:55,0.5317040585,0
100303,16-08-2022 09:19:52,0.530619899,0
100304,16-08-2022 09:21:01,0.531809265,0
100401,16-08-2022 09:28:46,0.529809604,0
100402,16-08-2022 09:31:07,0.528685099,0
100403,16-08-2022 11:47:49,0.520474774,0
100404,16-08-2022 11:48:59,0.5169712915,0
100501,16-08-2022 11:49:45,0.5184391205,0
100502,16-08-2022 13:06:18,0.515247715,0
100503,16-08-2022 13:07:16,0.5146218745,0
100504,16-08-2022 13:08:16,0.5139559185,0
100601,16-08-2022 13:09:42,0.5139642015,0
100602,16-08-2022 13:10:34,0.513017134,0
100603,16-08-2022 13:11:36,0.5097654495,0
100604,16-08-2022 13:12:22,0.5138014845,0
100701,16-08-2022 13:13:03,0.5145693005,0
100702,16-08-2022 13:13:39,0.5136044985,0
100703,16-08-2022 13:14:37,0.5140935645,0
100704,16-08-2022 13:15:23,0.5137774975,0
100801,16-08-2022 13:16:30,0.515875121,0
100802,16-08-2022 13:17:09,0.515764807,0
100803,16-08-2022 13:17:55,0.5141550465,0
100804,16-08-2022 13:19:33,0.5096177075,0
100901,16-08-2022 13:20:36,0.5101583235,0
100902,16-08-2022 13:21:35,0.510279399,0
100903,16-08-2022 13:22:41,0.5169451875,0
100904,16-08-2022 13:23:39,0.5075027355,0
101001,16-08-2022 13:24:40,0.5116051085,0
101002,16-08-2022 13:25:28,0.51072174,0
101003,16-08-2022 13:26:18,0.512117317,0
101004,16-08-2022 13:27:02,0.5150483855,0
101101,16-08-2022 13:28:12,0.5136870265,0
101102,16-08-2022 13:28:47,0.511031925,0
101103,19-08-2022 08:44:02,0.535850852,0
101104,19-08-2022 08:46:30,0.532617528,0
101201,19-08-2022 08:51:01,0.543332272,0
101202,19-08-2022 08:51:52,0.543322411,0
101203,19-08-2022 08:57:55,0.5487711495,0
101204,19-08-2022 08:58:55,0.5410142095,0
101301,19-08-2022 09:00:26,0.542515293,0
101302,19-08-2022 09:02:45,0.540219043,0
101303,19-08-2022 09:03:32,0.5409256425,0
101304,19-08-2022 09:05:06,0.538382333,0
101401,19-08-2022 09:06:44,0.5410562005,0
101402,19-08-2022 09:07:36,0.539142494,0
101403,19-08-2022 09:08:32,0.5402100925,0
101404,19-08-2022 09:09:57,0.5371255035,0
101501,19-08-2022 09:11:05,0.539323405,0
101502,19-08-2022 09:12:00,0.5412731695,0
101503,19-08-2022 09:12:58,0.5396208795,0
101504,19-08-2022 09:14:20,0.537711487,0
101601,19-08-2022 09:15:28,0.538146084,0
101602,19-08-2022 09:16:48,0.536816199,0
101603,19-08-2022 09:20:28,0.537518171,0
101604,19-08-2022 09:21:03,0.539357009,0
101701,19-08-2022 09:21:53,0.5399255395,0
101702,19-08-2022 09:22:46,0.5419819565,0
101703,19-08-2022 09:23:37,0.5401673335,0
101704,19-08-2022 09:24:08,0.5401582145,0
101801,19-08-2022 09:24:59,0.5430881535,0
101802,19-08-2022 09:25:34,0.544007045,0
101803,19-08-2022 09:31:41,0.5346780265,0
101804,19-08-2022 09:32:58,0.5295954285,0
101901,19-08-2022 09:33:42,0.531767094,0
101902,19-08-2022 09:34:38,0.530809163,0
101903,19-08-2022 09:35:53,0.5279796635,0
101904,19-08-2022 09:38:04,0.5297954225,0
102001,19-08-2022 09:38:39,0.5292395025,0
102002,19-08-2022 09:39:26,0.5287483335,0
102003,19-08-2022 09:47:24,0.5289917625,0
102004,19-08-2022 09:48:05,0.5294013345,0
102101,19-08-2022 09:49:49,0.529417404,0
102102,19-08-2022 09:50:20,0.5321525545,0
102103,19-08-2022 09:50:56,0.5293861415,0
102104,19-08-2022 09:51:58,0.526166841,0
102201,19-08-2022 09:52:44,0.526938164,0
102202,19-08-2022 09:53:19,0.530455384,0
102203,19-08-2022 09:54:11,0.525753436,0
102204,19-08-2022 09:55:12,0.5296010955,0
102301,19-08-2022 09:55:51,0.5287020335,0
102302,19-08-2022 09:56:45,0.526959399,0
102303,19-08-2022 09:57:24,0.526384352,0
102304,19-08-2022 09:58:21,0.525082484,0
102401,19-08-2022 09:58:58,0.5250887865,0
102402,19-08-2022 09:59:40,0.5260904635,0
102403,19-08-2022 10:01:59,0.5276646385,0
102404,19-08-2022 10:02:35,0.528329089,0
102501,19-08-2022 10:03:55,0.5272738275,0
102502,19-08-2022 10:04:44,0.5264542935,0
102503,19-08-2022 10:05:21,0.524920887,0
102504,19-08-2022 10:06:47,0.526339552,0
102601,19-08-2022 10:09:17,0.5258436345,0
102602,19-08-2022 10:10:12,0.527126831,0
102603,19-08-2022 10:11:16,0.527281388,0
102604,19-08-2022 10:12:04,0.5243855335,0
102701,19-08-2022 10:12:53,0.525176331,0
102702,19-08-2022 10:13:37,0.523784202,0
102703,19-08-2022 10:14:17,0.5254929175,0
102704,19-08-2022 10:15:19,0.525502896,0
102801,19-08-2022 10:16:06,0.5262775235,0
102802,19-08-2022 10:16:50,0.525257498,0
102803,19-08-2022 10:17:55,0.525516718,0
102804,19-08-2022 10:19:25,0.52643554,0
102901,19-08-2022 10:21:00,0.5297014185,0
102902,19-08-2022 10:22:28,0.524850809,0
102903,19-08-2022 10:23:10,0.5265911995,0
102904,19-08-2022 10:24:09,0.525943262,0
103001,19-08-2022 10:25:36,0.5241744245,0
103002,19-08-2022 10:27:32,0.5272027725,0
103003,19-08-2022 10:28:30,0.525393951,0
103004,19-08-2022 10:29:28,0.524754606,0
103101,19-08-2022 11:11:04,0.5219546745,0
103102,19-08-2022 11:11:36,0.5219081635,0
103103,19-08-2022 11:12:22,0.5233957375,0
103104,19-08-2022 11:13:05,0.5234158865,0
103201,19-08-2022 11:13:46,0.522891683,0
103202,19-08-2022 11:14:21,0.5209907565,0
103203,19-08-2022 11:15:23,0.522319328,0
103204,19-08-2022 11:16:05,0.5228111485,0
103301,19-08-2022 11:16:49,0.521904382,0
103302,19-08-2022 11:17:43,0.523800698,0
103303,22-08-2022 10:19:21,0.537602397,0
103502,22-08-2022 10:46:33,0.528823687,0
103503,22-08-2022 10:47:51,0.5322553075,0
103504,22-08-2022 10:50:18,0.5306740945,0
103601,22-08-2022 10:51:14,0.5298913245,0
103604,22-08-2022 13:09:45,0.5243919705,0
103604,22-08-2022 13:09:46,0.5244680675,0
103701,22-08-2022 13:10:52,0.520956757,0
103702,22-08-2022 13:12:21,0.516659433,0
103703,22-08-2022 13:14:19,0.516034788,0
103704,22-08-2022 13:15:28,0.518737862,0
103801,22-08-2022 13:16:12,0.518938956,0
103802,22-08-2022 13:23:45,0.517717091,0
103803,22-08-2022 13:24:50,0.520116816,0
103804,09-09-2022 11:06:31,0.5627505225,0
103901,09-09-2022 11:08:37,0.559620335,0
103902,09-09-2022 11:15:21,0.5711240495,0
103903,09-09-2022 11:17:13,0.559422161,0
103904,09-09-2022 11:19:02,0.559215882,0
104001,09-09-2022 11:20:41,0.5595418625,0
104002,09-09-2022 11:22:07,0.5610402315,0
104003,09-09-2022 11:23:06,0.5596584805,0
104004,09-09-2022 11:24:31,0.5606209935,0
104101,09-09-2022 11:26:26,0.5596804975,0
104102,09-09-2022 11:27:55,0.55870674,0
104103,09-09-2022 11:29:49,0.5598748075,0
104104,09-09-2022 11:31:39,0.557468223,0
104201,09-09-2022 11:33:10,0.556933413,0
104202,09-09-2022 11:34:51,0.5592054405,0
104203,09-09-2022 11:36:41,0.558162655,0
104204,09-09-2022 11:38:23,0.5555298,0
104301,09-09-2022 11:40:17,0.555748621,0
104302,09-09-2022 11:42:22,0.5545263705,0
104303,09-09-2022 11:43:36,0.5565936295,0
104304,09-09-2022 11:45:43,0.5552245585,0
104401,09-09-2022 11:47:31,0.555790153,0
104402,09-09-2022 12:37:46,0.552692089,0
104403,09-09-2022 12:44:31,0.552546746,0
104404,09-09-2022 12:45:45,0.5535832705,0
104501,09-09-2022 12:46:45,0.551937938,0
104502,09-09-2022 12:48:03,0.5549121805,0
104503,09-09-2022 12:49:03,0.5528301595,0
104504,09-09-2022 12:50:58,0.5528337755,0
104601,09-09-2022 12:52:52,0.553324112,0
104602,09-09-2022 12:54:13,0.55242717,0
104603,09-09-2022 12:56:07,0.5523114715,0
104604,09-09-2022 12:58:09,0.552180883,0
104701,09-09-2022 13:00:06,0.5524021655,0
104702,09-09-2022 13:01:26,0.554362011,0
104703,09-09-2022 13:03:09,0.5525910855,0
104704,09-09-2022 13:04:28,0.552362332,0
104801,09-09-2022 13:06:51,0.554119583,0
104802,09-09-2022 13:08:50,0.5525441155,0
104803,09-09-2022 13:09:58,0.552723566,0
104804,09-09-2022 13:11:27,0.55181262,0
104901,09-09-2022 13:13:28,0.5515659755,0
104902,09-09-2022 13:15:06,0.5533210935,0
104903,09-09-2022 13:16:34,0.551702893,0
104904,09-09-2022 13:19:11,0.5528499795,0
105001,09-09-2022 13:20:19,0.5529393165,0
105002,09-09-2022 13:22:04,0.5533599165,0
105003,09-09-2022 13:23:28,0.554215058,0
105004,09-09-2022 13:25:36,0.554254716,0
105101,09-09-2022 13:27:16,0.5535956145,0
105102,09-09-2022 13:28:46,0.5548175455,0
105103,09-09-2022 13:30:31,0.555099747,0
105104,09-09-2022 13:32:14,0.554712282,0
105201,09-09-2022 13:33:58,0.553707784,0
105202,09-09-2022 13:37:01,0.554875668,0
105203,09-09-2022 13:38:17,0.5537337135,0
105204,09-09-2022 13:39:31,0.5539607775,0
105301,09-09-2022 13:40:49,0.552282449,0
105302,09-09-2022 13:42:38,0.5532868975,0
105303,09-09-2022 13:44:15,0.5532131325,0
105304,09-09-2022 13:46:37,0.551660609,0
105401,09-09-2022 13:48:03,0.5511955175,0
105402,09-09-2022 13:49:33,0.551632685,0
105403,09-09-2022 13:51:21,0.5508844435,0
105404,09-09-2022 13:53:56,0.5489295655,0
105501,09-09-2022 13:55:18,0.5508734615,0
105502,09-09-2022 14:12:11,0.550131336,0
105503,09-09-2022 14:14:09,0.548497805,0
105504,09-09-2022 14:16:49,0.54889624,0
105601,09-09-2022 14:17:40,0.549029296,0
105602,09-09-2022 14:19:24,0.548926783,0
105603,09-09-2022 14:20:56,0.549326301,0
105604,09-09-2022 14:23:26,0.5506467845,0
105701,09-09-2022 14:24:27,0.549828642,0
105702,09-09-2022 14:26:11,0.5491316305,0
105703,09-09-2022 14:28:07,0.5486123735,0
105704,09-09-2022 14:29:37,0.548246155,0
105801,09-09-2022 14:31:15,0.5487251845,0
105802,09-09-2022 14:33:09,0.5479769415,0
105803,09-09-2022 14:34:43,0.547780243,0
105804,09-09-2022 14:36:55,0.547359402,0
105901,09-09-2022 14:38:55,0.547150934,0
105902,09-09-2022 14:39:58,0.5474408355,0
105903,09-09-2022 14:41:40,0.547006718,0
105904,09-09-2022 14:43:31,0.5470858265,0
106001,09-09-2022 14:45:04,0.548146274,0
106002,09-09-2022 14:46:51,0.54890376,0
106003,09-09-2022 14:48:43,0.5487215485,0
106004,09-09-2022 14:50:34,0.548015077,0
106101,09-09-2022 15:07:06,0.550333679,0
106102,09-09-2022 15:08:24,0.550146139,0
106103,09-09-2022 15:09:47,0.5490672165,0
106104,09-09-2022 15:11:38,0.5497036605,0
106201,09-09-2022 15:13:19,0.549115646,0
106202,09-09-2022 15:14:59,0.5490533505,0
106203,09-09-2022 15:16:51,0.549082532,0
106204,09-09-2022 15:18:45,0.549284928,0
106301,09-09-2022 15:21:12,0.549688089,0
106302,09-09-2022 15:23:45,0.549858586,0
106303,09-09-2022 15:24:28,0.5492129055,0
106304,09-09-2022 15:25:18,0.5507299275,0
106401,09-09-2022 15:27:10,0.548088915,0
106402,09-09-2022 15:28:44,0.5500630435,0
106403,09-09-2022 15:32:56,0.549240202,0
106404,09-09-2022 15:36:21,0.54486857,0
106501,09-09-2022 15:38:04,0.549077849,0
106502,09-09-2022 15:40:00,0.548330632,0
106503,09-09-2022 15:41:49,0.547742282,0
106504,09-09-2022 15:43:26,0.549322749,0
106601,09-09-2022 15:45:02,0.548899538,0
106602,09-09-2022 15:46:55,0.548452135,0
106603,09-09-2022 15:54:02,0.5496589655,0
106604,09-09-2022 15:56:02,0.5517656855,0
106701,09-09-2022 15:57:38,0.5485754455,0
106702,09-09-2022 15:59:20,0.548063678,0
106703,09-09-2022 16:01:03,0.5483923045,0
106704,09-09-2022 16:02:54,0.5489216115,0
106801,09-09-2022 16:04:51,0.5496043765,0
106802,09-09-2022 16:06:06,0.548384771,0
106803,09-09-2022 16:08:07,0.5477492755,0
106804,09-09-2022 16:09:49,0.549238466,0
106901,09-09-2022 16:11:57,0.549210087,0
106902,09-09-2022 16:13:15,0.5488491845,0
106903,09-09-2022 16:19:36,0.549278578,0
106904,09-09-2022 16:21:08,0.548170552,0
107001,09-09-2022 16:23:21,0.548660067,0
107002,09-09-2022 16:24:52,0.54824371,0
107003,09-09-2022 16:26:24,0.547930941,0
107004,09-09-2022 16:28:11,0.548314314,0
107101,09-09-2022 16:30:19,0.5484093545,0
107102,09-09-2022 16:31:36,0.5473941835,0
107103,09-09-2022 16:33:14,0.5489727205,0
107104,09-09-2022 16:35:21,0.551295872,0
107201,09-09-2022 16:37:16,0.551723063,0
107202,09-09-2022 16:38:32,0.552084464,0
107203,09-09-2022 16:40:15,0.551881477,0
107204,09-09-2022 16:42:05,0.5517790645,0
107301,09-09-2022 16:43:53,0.5519229355,0
107302,09-09-2022 16:45:27,0.552529887,0
107303,09-09-2022 16:47:18,0.5533258825,0
107304,09-09-2022 16:49:14,0.552850306,0
107401,26-09-2022 14:33:38,0.593016991,0
107402,26-09-2022 14:37:29,0.5882200365,0
107403,26-09-2022 14:38:59,0.5832570285,0
107404,26-09-2022 14:40:29,0.5766176795,0
107501,26-09-2022 14:42:27,0.5766415215,0
107502,26-09-2022 14:43:17,0.589135042,0
107503,26-09-2022 14:44:40,0.5765930955,0
107504,26-09-2022 14:45:35,0.578452375,0
107601,26-09-2022 14:46:18,0.5910011685,0
107602,26-09-2022 14:47:46,0.5816393645,0
107603,26-09-2022 14:49:28,0.588973189,0
107604,26-09-2022 14:51:10,0.588494587,0
107701,26-09-2022 14:52:54,0.5919344,0
107702,26-09-2022 14:53:40,0.58122749,0
107703,26-09-2022 14:56:07,0.587503377,0
107704,26-09-2022 14:57:04,0.589280313,0
107801,26-09-2022 14:58:07,0.585453984,0
107802,26-09-2022 15:06:06,0.581879026,0
107803,26-09-2022 15:07:15,0.5855533325,0
107804,26-09-2022 15:10:34,0.588214535,0
107901,26-09-2022 15:11:39,0.6015039155,0
107902,26-09-2022 15:12:22,0.590270632,0
107903,26-09-2022 15:14:10,0.588811695,0
107904,26-09-2022 15:15:21,0.5908006785,0
108001,26-09-2022 15:24:12,0.585942518,0
108002,26-09-2022 15:25:10,0.5899819225,0
108003,26-09-2022 15:25:58,0.591018602,0
108004,26-09-2022 15:26:39,0.5881089955,0
108101,26-09-2022 15:27:29,0.591347536,0
108102,26-09-2022 15:28:40,0.5896239305,0
108103,26-09-2022 15:30:07,0.5864602985,0
108104,26-09-2022 15:30:50,0.59110184,0
108201,26-09-2022 15:31:29,0.590843127,0
108202,26-09-2022 15:32:07,0.589323487,0
108203,26-09-2022 15:32:50,0.588329554,0
108204,26-09-2022 15:34:03,0.590628436,0
108301,26-09-2022 15:35:10,0.5897234535,0
108302,26-09-2022 15:36:21,0.5895055465,0
108303,26-09-2022 16:12:25,0.589472968,0
108304,26-09-2022 16:13:49,0.5900502525,0
108401,26-09-2022 16:14:29,0.6043411615,0
108402,26-09-2022 16:15:21,0.5916541275,0
108403,26-09-2022 16:16:51,0.59075839,0
108404,26-09-2022 16:18:03,0.590255369,0
108501,26-09-2022 16:21:41,0.590907494,0
108502,26-09-2022 16:22:50,0.591424152,0
108503,26-09-2022 16:23:26,0.5914215865,0
108504,26-09-2022 16:25:20,0.590072016,0
108601,26-09-2022 16:26:13,0.5870524915,0
108602,26-09-2022 16:26:59,0.589330887,0
108603,26-09-2022 16:29:43,0.5885867485,0
108604,26-09-2022 16:31:05,0.589549848,0
108701,26-09-2022 16:32:18,0.5900250215,0
108702,26-09-2022 16:33:46,0.5887199045,0
108703,26-09-2022 16:40:53,0.5891403935,0
108704,26-09-2022 16:41:43,0.589782318,0
108801,26-09-2022 16:42:34,0.5907775795,0
108802,26-09-2022 16:43:37,0.5899894835,0
108803,26-09-2022 16:44:46,0.5863903545,0
108804,26-09-2022 16:48:32,0.586531708,0
108901,26-09-2022 16:52:03,0.591125553,0
108902,26-09-2022 16:53:06,0.5889913285,0
108903,26-09-2022 16:53:54,0.5893412975,0
108904,26-09-2022 16:57:59,0.590212991,0
109001,26-09-2022 16:58:52,0.589586443,0
109002,26-09-2022 17:01:47,0.5846464195,0
109003,26-09-2022 17:02:26,0.5850418685,0
109004,26-09-2022 17:03:11,0.588557022,0
109101,26-09-2022 17:04:10,0.58925392,0
109102,26-09-2022 17:06:31,0.588455495,0
109103,26-09-2022 17:07:15,0.585055715,0
109104,26-09-2022 17:08:08,0.5889380375,0
109201,26-09-2022 17:10:52,0.5854424655,0
109202,26-09-2022 17:11:40,0.591797343,0
109203,26-09-2022 17:12:34,0.587088439,0
109204,26-09-2022 17:14:17,0.587667915,0
109301,26-09-2022 17:14:56,0.585924478,0
109302,26-09-2022 17:15:48,0.587819675,0
109303,26-09-2022 17:16:38,0.585821828,0
109401,27-09-2022 11:27:56,0.602044097,0
109402,27-09-2022 11:29:32,0.597827876,0
109403,27-09-2022 11:32:46,0.5954815035,0
109404,27-09-2022 11:33:17,0.5967675445,0
109501,27-09-2022 11:33:55,0.593221406,0
109502,27-09-2022 11:35:01,0.5914262825,0
109503,27-09-2022 11:36:03,0.5897095595,0
109504,27-09-2022 11:36:54,0.5929444025,0
109601,27-09-2022 11:38:54,0.5901656175,0
109602,27-09-2022 11:41:21,0.592408487,0
109603,27-09-2022 11:43:09,0.594283223,0
109604,27-09-2022 11:43:45,0.5918747755,0
109701,27-09-2022 11:44:37,0.591856634,0
109702,27-09-2022 11:46:20,0.6013517945,0
109703,27-09-2022 11:47:10,0.5975277815,0
109704,27-09-2022 11:48:50,0.605908709,0
109801,27-09-2022 11:50:09,0.5942154395,0
109802,27-09-2022 11:54:17,0.590807328,0
109803,27-09-2022 11:54:58,0.588591618,0
109804,27-09-2022 11:56:10,0.5913043895,0
109901,27-09-2022 13:04:04,0.594351671,0
109902,27-09-2022 13:05:06,0.588630991,0
109903,27-09-2022 13:05:51,0.5865996625,0
109904,27-09-2022 13:08:47,0.588281701,0
110001,27-09-2022 13:09:29,0.590434379,0
110002,27-09-2022 13:10:22,0.5877851215,0
110003,27-09-2022 13:11:11,0.5861449355,0
110004,27-09-2022 13:13:05,0.5884093965,0
110101,27-09-2022 13:13:59,0.5887124425,0
110102,27-09-2022 13:14:52,0.5898008525,0
110103,27-09-2022 13:15:44,0.587958674,0
110104,27-09-2022 13:16:50,0.587832868,0
110201,27-09-2022 13:18:16,0.5876901415,0
110202,27-09-2022 13:20:14,0.5863122435,0
110203,27-09-2022 13:21:04,0.5872479045,0
110204,27-09-2022 13:21:56,0.587575602,0
110301,27-09-2022 13:22:49,0.5887117325,0
110302,27-09-2022 13:23:38,0.585677626,0
110303,27-09-2022 13:24:42,0.5868137265,0
110304,27-09-2022 13:25:59,0.5874628045,0
110401,27-09-2022 13:26:57,0.5871721295,0
110402,27-09-2022 13:29:12,0.587016231,0
110403,27-09-2022 13:30:32,0.585704085,0
110404,27-09-2022 13:31:34,0.5856965545,0
110501,27-09-2022 13:33:01,0.5849677625,0
110502,27-09-2022 13:34:21,0.5869659515,0
110503,27-09-2022 13:35:31,0.58214249,0
110504,27-09-2022 13:36:35,0.5869590835,0
110601,27-09-2022 13:37:45,0.587990077,0
110602,27-09-2022 14:12:48,0.5861763655,0
110603,27-09-2022 14:14:05,0.5909284345,0
110604,27-09-2022 14:16:27,0.586003343,0
110701,27-09-2022 14:18:45,0.5871319625,0
110702,27-09-2022 14:19:56,0.5866112595,0
110703,27-09-2022 14:22:29,0.5857663155,0
110704,27-09-2022 14:23:58,0.586834535,0
110801,27-09-2022 14:25:59,0.58797138,0
110802,27-09-2022 14:26:56,0.5878862975,0
110803,27-09-2022 14:39:38,0.585955255,0
110804,27-09-2022 14:47:36,0.588224198,0
110901,27-09-2022 14:51:59,0.584787915,0
110902,27-09-2022 14:52:44,0.5881376145,0
110903,27-09-2022 14:54:10,0.5892076525,0
110904,27-09-2022 14:55:11,0.584228379,0
111001,27-09-2022 14:56:32,0.5852958825,0
111002,27-09-2022 14:57:22,0.5862271275,0
111003,27-09-2022 14:58:24,0.5849863885,0
111004,28-09-2022 16:37:00,0.592401483,0
111101,28-09-2022 16:38:19,0.544360616,0
111102,28-09-2022 16:39:47,0.5539937935,0
111103,28-09-2022 16:41:23,0.532635266,0
111104,28-09-2022 16:42:57,0.537476379,0
111201,28-09-2022 16:44:14,0.568463132,0
111202,28-09-2022 16:45:32,0.557925323,0
111203,28-09-2022 16:47:10,0.5773426725,0
111204,28-09-2022 16:48:41,0.5600898955,0
111301,28-09-2022 16:50:03,0.540101865,0
111302,28-09-2022 16:51:32,0.5450387035,0
111303,28-09-2022 16:52:45,0.5539654725,0
111304,28-09-2022 16:54:09,0.538586113,0
111401,28-09-2022 16:55:32,0.545865595,0
111402,28-09-2022 16:56:55,0.56383112,0
111403,28-09-2022 16:58:21,0.5564270085,0
111404,28-09-2022 16:59:53,0.586828569,0
111501,28-09-2022 17:01:06,0.538536988,0
111502,28-09-2022 17:02:40,0.556413905,0
111503,28-09-2022 17:03:59,0.554857537,0
111504,28-09-2022 17:05:25,0.555086941,0
111601,28-09-2022 17:06:54,0.544285825,0
111602,28-09-2022 17:08:13,0.5817646865,0
111603,28-09-2022 17:09:36,0.5736553425,0
111604,28-09-2022 17:11:05,0.562290881,0
111701,28-09-2022 17:12:14,0.5865457595,0
111702,28-09-2022 17:13:38,0.5682771205,0
111703,28-09-2022 17:14:56,0.588908595,0
111704,28-09-2022 17:16:28,0.575690525,0
111801,28-09-2022 17:17:44,0.5861014065,0
111802,28-09-2022 17:19:07,0.5736717165,0
111803,28-09-2022 17:20:29,0.5882214255,0
111804,28-09-2022 17:22:07,0.569650635,0
111901,28-09-2022 17:23:18,0.5775141775,0
111902,28-09-2022 17:24:37,0.5775704515,0
111903,28-09-2022 17:25:58,0.5879192555,0
111904,28-09-2022 17:27:33,0.5860521225,0
112001,28-09-2022 17:28:50,0.580264917,0
112002,28-09-2022 17:30:05,0.583574322,0
112003,28-09-2022 17:31:36,0.5842177785,0
112004,28-09-2022 17:32:54,0.5855244515,0
112101,28-09-2022 17:34:17,0.587228528,0
112102,28-09-2022 17:35:45,0.5848917275,0
112103,28-09-2022 17:36:51,0.579454112,0
112104,28-09-2022 17:38:22,0.5862417555,0
112201,28-09-2022 17:39:36,0.5872637935,0
112202,28-09-2022 17:40:57,0.584313454,0
112203,28-09-2022 17:42:29,0.5862718195,0
112204,28-09-2022 17:43:46,0.585220957,0
112301,28-09-2022 17:45:05,0.586729458,0
112302,28-09-2022 17:46:23,0.5862764535,0
112303,28-09-2022 17:47:49,0.58706488,0
112304,28-09-2022 17:49:23,0.5847163085,0
112401,28-09-2022 17:50:34,0.586844837,0
112402,28-09-2022 17:52:09,0.587462378,0
112403,28-09-2022 17:53:18,0.5858686265,0
112404,28-09-2022 17:54:36,0.583544788,0
112501,28-09-2022 17:56:00,0.587437209,0
112502,28-09-2022 17:57:38,0.593444952,0
112503,28-09-2022 17:58:45,0.5880222495,0
112504,28-09-2022 18:00:00,0.588123279,0
112601,28-09-2022 18:01:23,0.5867171825,0
112602,28-09-2022 18:02:47,0.5885364,0
112603,28-09-2022 18:04:09,0.587543962,0
112604,28-09-2022 18:05:32,0.5922876625,0
112701,28-09-2022 18:07:11,0.586547095,0
112702,28-09-2022 18:08:32,0.588463223,0
112703,04-10-2022 14:08:49,0.5916146245,0
112704,04-10-2022 14:09:52,0.624686029,0
112801,04-10-2022 14:11:46,0.597420394,0
112802,04-10-2022 14:12:33,0.594682366,0
112803,04-10-2022 14:13:17,0.590249597,0
112804,04-10-2022 14:14:23,0.598032075,0
112901,04-10-2022 14:15:05,0.5920966505,0
112902,04-10-2022 14:17:40,0.597070567,0
112903,04-10-2022 14:18:36,0.595643258,0
112904,04-10-2022 14:19:30,0.5949410765,0
113001,04-10-2022 14:22:59,0.595888272,0
113002,04-10-2022 14:23:36,0.594571233,0
113003,04-10-2022 14:24:22,0.591721305,0
113004,04-10-2022 14:25:10,0.5839110635,0
113101,04-10-2022 14:26:09,0.5934243795,0
113102,04-10-2022 14:28:40,0.5924099955,0
113103,04-10-2022 14:29:30,0.5920431265,0
113104,04-10-2022 14:30:24,0.5925199325,0
113201,04-10-2022 14:33:02,0.5926635,0
113202,04-10-2022 14:33:49,0.595692036,0
113203,04-10-2022 14:34:29,0.591997046,0
113204,04-10-2022 14:35:58,0.592871452,0
113301,04-10-2022 14:37:42,0.5962862255,0
113302,04-10-2022 14:40:16,0.5921893565,0
113303,04-10-2022 14:41:20,0.59581787,0
113304,04-10-2022 14:43:10,0.5941213545,0
113401,04-10-2022 14:43:54,0.5936619855,0
113402,04-10-2022 14:45:43,0.590860688,0
113403,04-10-2022 14:46:32,0.594776982,0
113404,04-10-2022 15:01:15,0.5889735995,0
113501,04-10-2022 15:06:23,0.586433119,0
113502,04-10-2022 15:09:37,0.5925959645,0
113503,04-10-2022 15:10:19,0.5922079855,0
113504,04-10-2022 15:11:01,0.5930443765,0
113601,04-10-2022 15:14:23,0.592261869,0
113602,04-10-2022 15:15:32,0.58927246,0
113603,04-10-2022 15:16:19,0.587408798,0
113604,04-10-2022 15:20:41,0.590710502,0
113701,04-10-2022 15:21:19,0.5908242255,0
113702,04-10-2022 15:22:27,0.5921035945,0
113703,04-10-2022 15:23:36,0.5931030775,0
113704,04-10-2022 15:25:06,0.587427256,0
113801,04-10-2022 15:27:26,0.591237895,0
113802,04-10-2022 15:29:02,0.5903278645,0
113803,04-10-2022 15:29:56,0.588648162,0
113804,04-10-2022 15:31:04,0.590465464,0
113901,04-10-2022 15:33:41,0.5848854605,0
113902,04-10-2022 15:34:26,0.591027991,0
113903,04-10-2022 15:35:42,0.5883628275,0
113904,04-10-2022 15:46:28,0.593835005,0
114001,04-10-2022 15:49:01,0.571698248,0
114002,04-10-2022 15:51:14,0.5888601545,0
114003,04-10-2022 15:54:27,0.5917381345,0
114004,04-10-2022 15:55:33,0.5885409415,0
114101,04-10-2022 15:56:21,0.590087446,0
114102,04-10-2022 16:00:45,0.5886404185,0
114103,04-10-2022 16:01:32,0.5893255235,0
114104,04-10-2022 16:02:22,0.589760113,0
114201,04-10-2022 16:03:01,0.590621669,0
114202,04-10-2022 16:04:10,0.58951278,0
114203,04-10-2022 16:06:05,0.590468313,0
114204,04-10-2022 16:08:18,0.5910933885,0
114301,04-10-2022 16:10:54,0.589325853,0
114302,04-10-2022 16:12:10,0.5906708535,0
114303,04-10-2022 16:14:24,0.594404626,0
114304,04-10-2022 16:15:20,0.5995101215,0
114401,04-10-2022 16:16:20,0.59364416,0
114402,04-10-2022 16:18:50,0.621226357,0
114403,05-10-2022 10:58:24,0.573731589,0
114404,05-10-2022 11:03:25,0.581958505,0
114501,05-10-2022 11:04:41,0.587019163,0
114502,05-10-2022 11:05:48,0.5805433695,0
114503,05-10-2022 11:07:06,0.585264,0
114504,05-10-2022 11:08:50,0.5355814335,0
114601,05-10-2022 11:14:12,0.5666669645,0
114602,05-10-2022 11:15:06,0.578345093,0
114603,05-10-2022 11:16:43,0.577029073,0
114604,05-10-2022 11:17:53,0.589673167,0
114701,05-10-2022 11:19:24,0.5612481435,0
114702,05-10-2022 11:21:30,0.5482470995,0
114703,05-10-2022 11:22:02,0.5858553345,0
114704,05-10-2022 11:23:57,0.575252834,0
114801,05-10-2022 11:24:47,0.577259105,0
114802,05-10-2022 11:26:12,0.5743627575,0
114803,05-10-2022 11:27:33,0.580225592,0
114804,05-10-2022 11:29:20,0.587243634,0
114901,05-10-2022 11:30:25,0.567683524,0
114902,05-10-2022 11:31:47,0.5803151135,0
114903,05-10-2022 11:33:53,0.590803334,0
114904,05-10-2022 11:34:45,0.5738468225,0
115001,05-10-2022 11:36:13,0.572949904,0
115002,05-10-2022 11:39:04,0.5813993545,0
115003,05-10-2022 11:39:33,0.571202026,0
115004,05-10-2022 11:40:21,0.584886932,0
115101,05-10-2022 11:41:20,0.5787375575,0
115102,05-10-2022 11:42:45,0.576813144,0
115103,05-10-2022 11:44:04,0.5867570405,0
115104,05-10-2022 11:45:33,0.586881739,0
115201,05-10-2022 11:47:02,0.588200859,0
115202,05-10-2022 11:48:05,0.5855616155,0
115203,05-10-2022 11:49:34,0.586565673,0
115204,05-10-2022 11:51:17,0.5804247935,0
115301,05-10-2022 11:52:16,0.586955569,0
115302,05-10-2022 11:53:46,0.5870524585,0
115303,05-10-2022 11:55:35,0.5867232385,0
115304,05-10-2022 11:56:17,0.5863549565,0
115401,05-10-2022 11:57:42,0.583265069,0
115402,05-10-2022 11:59:07,0.587132647,0
115403,05-10-2022 12:00:39,0.5864917845,0
115404,05-10-2022 12:02:13,0.584548032,0
115501,05-10-2022 12:03:10,0.5841876175,0
115502,05-10-2022 12:04:35,0.584535092,0
115503,05-10-2022 12:05:57,0.583434019,0
115504,05-10-2022 12:07:36,0.5844842055,0
115601,05-10-2022 12:08:41,0.5865418885,0
115602,05-10-2022 12:10:08,0.588068201,0
115603,05-10-2022 12:11:17,0.586059294,0
115604,05-10-2022 12:13:02,0.585396281,0
115701,05-10-2022 12:15:37,0.585996925,0
115702,05-10-2022 12:16:05,0.584217483,0
115703,05-10-2022 12:16:48,0.584361488,0
115704,05-10-2022 12:18:15,0.5852773095,0
115801,05-10-2022 12:19:49,0.585150355,0
115802,05-10-2022 12:21:13,0.583636704,0
115803,05-10-2022 12:22:57,0.58219293,0
115804,05-10-2022 12:24:20,0.5797213885,0
115901,05-10-2022 12:25:03,0.5847247395,0
115902,05-10-2022 13:03:52,0.5883898365,0
115903,05-10-2022 13:05:04,0.585875881,0
115904,05-10-2022 13:06:24,0.58722268,0
116001,05-10-2022 13:07:52,0.5853757505,0
116002,05-10-2022 13:09:11,0.58527315,0
116003,05-10-2022 13:10:33,0.5858178295,0
116004,05-10-2022 13:12:23,0.5802348,0
116101,05-10-2022 13:14:09,0.5992609405,0
116102,05-10-2022 13:14:56,0.5883172545,0
116103,05-10-2022 13:16:17,0.587791056,0
116104,05-10-2022 13:17:23,0.5871914885,0
116201,05-10-2022 13:18:59,0.584477258,0
116202,05-10-2022 13:20:35,0.5884732895,0
116203,05-10-2022 13:21:55,0.5845512565,0
116204,05-10-2022 13:22:48,0.5835216945,0
116301,05-10-2022 13:24:42,0.58566221,0
116302,05-10-2022 13:25:45,0.5883614575,0
116303,05-10-2022 13:27:09,0.5855138525,0
116304,05-10-2022 14:28:09,0.583597597,0
116401,05-10-2022 14:29:11,0.592893486,0
116402,05-10-2022 14:30:58,0.594766504,0
116403,05-10-2022 14:32:16,0.5862841945,0
116404,05-10-2022 14:34:24,0.5873044735,0
116501,05-10-2022 14:36:08,0.5875479825,0
116502,05-10-2022 14:36:39,0.586575825,0
116503,05-10-2022 14:37:18,0.5864225535,0
116504,05-10-2022 14:38:44,0.584443146,0
116601,05-10-2022 14:40:03,0.58631579,0
116602,05-10-2022 14:41:36,0.5846881,0
116603,05-10-2022 14:43:23,0.585904574,0
116604,05-10-2022 14:45:00,0.584120191,0
116701,05-10-2022 14:46:10,0.584725526,0
116702,05-10-2022 14:46:59,0.587343762,0
116703,05-10-2022 14:48:15,0.5863673835,0
116704,05-10-2022 14:49:46,0.585371118,0
116801,05-10-2022 14:50:58,0.5829576895,0
116802,05-10-2022 14:52:16,0.5847694395,0
116803,05-10-2022 14:53:38,0.582348543,0
116804,05-10-2022 14:54:56,0.582377994,0
116901,05-10-2022 14:56:35,0.5830334275,0
116902,05-10-2022 14:57:41,0.584343201,0
116903,05-10-2022 14:58:56,0.5827627625,0
116904,05-10-2022 15:00:20,0.5833238715,0
117001,05-10-2022 15:01:53,0.581932005,0
117002,05-10-2022 15:28:29,0.5843881015,0
117003,05-10-2022 15:29:40,0.583796606,0
117004,05-10-2022 15:32:38,0.5848108655,0
117101,05-10-2022 15:33:33,0.5788013695,0
117102,05-10-2022 15:34:15,0.582025704,0
117103,05-10-2022 15:35:19,0.5857241515,0
117104,05-10-2022 15:36:27,0.5798580525,0
117201,05-10-2022 15:37:50,0.580627736,0
117202,05-10-2022 15:39:11,0.580760006,0
117203,05-10-2022 15:40:37,0.5806589835,0
117204,05-10-2022 15:42:09,0.5816092435,0
117301,05-10-2022 15:43:20,0.581408572,0
117302,05-10-2022 15:44:46,0.580155758,0
117303,05-10-2022 15:45:56,0.5795255545,0
117304,05-10-2022 15:47:21,0.5819548485,0
117401,05-10-2022 15:48:47,0.5816479115,0
117402,05-10-2022 15:50:00,0.580301934,0
117403,05-10-2022 15:51:29,0.5806093335,0
117404,05-10-2022 15:52:54,0.581406197,0
117501,05-10-2022 15:54:25,0.581224089,0
117502,05-10-2022 15:56:16,0.581543726,0
117503,05-10-2022 15:57:33,0.580920114,0
117504,05-10-2022 15:58:15,0.58093706,0
117601,05-10-2022 15:59:39,0.579295798,0
117602,05-10-2022 16:00:54,0.5804500555,0
117603,05-10-2022 16:02:12,0.5807299075,0
117604,05-10-2022 16:03:58,0.580254144,0
117701,05-10-2022 16:04:50,0.5812454125,0
117702,05-10-2022 16:06:13,0.5818776485,0
117703,05-10-2022 16:07:39,0.5804192085,0
117704,05-10-2022 16:09:02,0.579105074,0
117801,05-10-2022 16:10:16,0.5803103395,0
117802,05-10-2022 16:11:39,0.5808093105,0
117803,05-10-2022 16:12:59,0.5822430465,0
117804,05-10-2022 16:14:22,0.5806403045,0
117901,05-10-2022 16:15:41,0.5805797615,0
117902,05-10-2022 16:17:08,0.580772799,0
117903,07-10-2022 11:12:08,0.533180273,0
117904,07-10-2022 11:12:55,0.538503824,0
118001,07-10-2022 11:13:44,0.5526539715,0
118002,07-10-2022 11:17:28,0.543834945,0
118003,07-10-2022 11:18:36,0.5664080355,0
118004,07-10-2022 11:19:21,0.5540132055,0
118101,07-10-2022 11:21:43,0.554254404,0
118102,07-10-2022 11:24:31,0.56260525,0
118103,07-10-2022 11:25:16,0.5572688305,0
118104,07-10-2022 11:26:13,0.5466463535,0
118201,07-10-2022 11:26:58,0.5525429265,0
118202,07-10-2022 11:27:43,0.5372701225,0
118203,07-10-2022 11:30:14,0.5532063545,0
118204,07-10-2022 11:32:23,0.559665292,0
118301,07-10-2022 11:33:01,0.5465879915,0
118302,07-10-2022 11:33:48,0.566301277,0
118303,07-10-2022 11:37:50,0.570596957,0
118304,07-10-2022 11:38:26,0.583351868,0
118401,07-10-2022 11:39:05,0.5575745525,0
118402,07-10-2022 11:39:43,0.577938607,0
118403,07-10-2022 11:40:27,0.583177605,0
118404,07-10-2022 11:42:44,0.5875900385,0
118501,07-10-2022 11:44:05,0.576777783,0
118502,07-10-2022 11:45:39,0.576125011,0
118503,07-10-2022 11:46:35,0.57703439,0
118504,07-10-2022 11:49:42,0.5855627065,0
118601,07-10-2022 11:50:23,0.581959662,0
118602,07-10-2022 11:51:23,0.5787971885,0
118603,07-10-2022 11:52:17,0.5889877615,0
118604,07-10-2022 11:53:04,0.578061072,0
118701,07-10-2022 11:56:17,0.5837683145,0
118702,07-10-2022 11:57:10,0.585954476,0
118703,07-10-2022 11:57:59,0.585112175,0
118704,07-10-2022 11:58:35,0.583684895,0
118801,07-10-2022 12:00:03,0.590942513,0
118802,07-10-2022 12:01:04,0.584748491,0
118803,07-10-2022 12:02:00,0.586902478,0
118804,07-10-2022 12:02:53,0.586590293,0
118901,07-10-2022 12:10:47,0.583988028,0
118902,07-10-2022 12:12:45,0.583555683,0
118903,07-10-2022 12:14:52,0.584831622,0
118904,07-10-2022 12:17:07,0.583598595,0
119001,07-10-2022 12:17:51,0.5837245645,0
119002,07-10-2022 12:20:41,0.5830508145,0
119003,07-10-2022 12:21:33,0.5829157765,0
119004,07-10-2022 12:22:26,0.5833369855,0
119101,07-10-2022 12:26:16,0.5820594845,0
119102,07-10-2022 12:27:11,0.5812772625,0
119103,07-10-2022 12:27:56,0.5816588255,0
119104,07-10-2022 12:29:17,0.5821064855,0
119201,07-10-2022 12:31:52,0.5812083185,0
119202,07-10-2022 12:32:31,0.5802572875,0
119203,07-10-2022 13:19:31,0.5825879665,0
119204,07-10-2022 13:21:20,0.5814462275,0
119301,07-10-2022 13:26:09,0.5834899485,0
119302,07-10-2022 13:33:18,0.580404624,0
119303,07-10-2022 13:34:14,0.5788591895,0
119304,07-10-2022 13:39:15,0.5802990875,0
119401,07-10-2022 13:40:31,0.5809147925,0
119402,07-10-2022 13:42:14,0.5799632535,0
119403,07-10-2022 13:45:09,0.581077685,0
119404,07-10-2022 13:48:20,0.5807878405,0
119501,07-10-2022 13:49:13,0.580388284,0
119502,07-10-2022 13:49:56,0.5764353225,0
119503,07-10-2022 13:52:52,0.5707020735,0
119504,07-10-2022 13:53:41,0.578371751,0
119601,07-10-2022 13:54:31,0.578883495,0
119602,07-10-2022 13:55:25,0.582385182,0
119603,07-10-2022 13:57:14,0.5790239425,0
119604,07-10-2022 13:58:06,0.5788947965,0
119701,07-10-2022 13:59:21,0.5810671605,0
119702,07-10-2022 14:03:09,0.5806744395,0
119703,07-10-2022 14:03:59,0.579053589,0
119704,07-10-2022 14:05:08,0.580899155,0
119801,07-10-2022 14:05:51,0.5771177585,0
119802,07-10-2022 14:11:35,0.5777399035,0
119803,07-10-2022 14:15:46,0.57796621,0
119804,07-10-2022 14:16:53,0.5805279425,0
119901,07-10-2022 14:18:01,0.5783167175,0
119902,07-10-2022 14:18:53,0.57988652,0
119903,07-10-2022 14:25:16,0.579028792,0
119904,07-10-2022 14:25:57,0.575529409,0
120001,07-10-2022 14:26:35,0.5777158525,0
120002,07-10-2022 14:27:23,0.5788514795,0
120003,07-10-2022 14:28:29,0.5797025825,0
120004,07-10-2022 14:29:10,0.577487227,0
120101,07-10-2022 14:30:11,0.5767966715,0
120102,07-10-2022 14:59:26,0.5761303835,0
120103,07-10-2022 15:06:52,0.5622678455,0
120104,07-10-2022 15:08:06,0.5768005725,0
120201,07-10-2022 15:08:50,0.577877637,0
120202,07-10-2022 15:10:25,0.575184185,0
120203,07-10-2022 15:13:14,0.575913406,0
120204,07-10-2022 15:14:02,0.5741590895,0
120301,07-10-2022 15:15:05,0.5766291755,0
120302,07-10-2022 15:16:00,0.5777592125,0
120303,07-10-2022 15:24:19,0.5771176075,0
120304,07-10-2022 15:25:10,0.574371678,0
120401,07-10-2022 15:26:04,0.573650024,0
120402,07-10-2022 15:26:43,0.5773315945,0
120403,07-10-2022 15:27:20,0.575659728,0
120404,07-10-2022 15:28:20,0.5738824805,0
120501,07-10-2022 15:30:07,0.556478522,0
120502,07-10-2022 15:32:41,0.574369579,0
120503,07-10-2022 15:33:31,0.569885213,0
120504,07-10-2022 15:34:07,0.574609312,0
120601,07-10-2022 15:34:50,0.5730106595,0
120602,07-10-2022 15:35:27,0.5722484845,0
120603,10-10-2022 10:09:05,0.609152397,0
120604,10-10-2022 10:13:20,0.601656935,0
120701,10-10-2022 10:15:04,0.6016699875,0
120702,10-10-2022 10:16:28,0.602420742,0
120703,10-10-2022 10:17:33,0.602281159,0
120704,10-10-2022 10:18:57,0.606126241,0
120801,10-10-2022 10:20:42,0.5996951255,0
120802,10-10-2022 10:22:31,0.6035425995,0
120803,10-10-2022 10:23:42,0.604411922,0
120804,10-10-2022 10:24:46,0.600220477,0
120901,10-10-2022 10:26:14,0.602574173,0
120902,10-10-2022 10:27:24,0.6000128415,0
120903,10-10-2022 10:28:39,0.601823962,0
120904,10-10-2022 10:29:48,0.5984266595,0
121001,10-10-2022 10:31:19,0.600467081,0
121002,10-10-2022 10:32:26,0.597033289,0
121003,10-10-2022 10:33:57,0.596953269,0
121004,10-10-2022 10:35:16,0.598127117,0
121101,10-10-2022 10:37:51,0.596286669,0
121102,10-10-2022 10:38:29,0.596995526,0
121103,10-10-2022 10:39:40,0.5981818325,0
121104,10-10-2022 10:44:28,0.5974559545,0
121201,10-10-2022 10:45:48,0.598647577,0
121202,10-10-2022 10:47:19,0.5980545095,0
121203,10-10-2022 10:48:38,0.598365483,0
121204,10-10-2022 10:50:06,0.5990576985,0
121301,10-10-2022 10:51:34,0.600275642,0
121302,10-10-2022 10:53:08,0.601158753,0
121303,10-10-2022 10:54:18,0.600119875,0
121304,10-10-2022 10:55:26,0.599688672,0
121401,10-10-2022 10:56:55,0.6001304145,0
121402,10-10-2022 10:58:06,0.6031617935,0
121403,10-10-2022 10:59:35,0.6000663995,0
121404,10-10-2022 11:11:22,0.5935466375,0
121501,10-10-2022 11:12:32,0.5922504705,0
121502,10-10-2022 11:13:17,0.592554127,0
121503,10-10-2022 11:14:24,0.592487165,0
121504,10-10-2022 11:15:40,0.592433308,0
121601,10-10-2022 11:17:59,0.592443494,0
121602,10-10-2022 11:18:19,0.5925502155,0
121603,10-10-2022 11:20:01,0.5900955675,0
121604,10-10-2022 11:20:53,0.5932850685,0
121701,10-10-2022 11:22:32,0.592961687,0
121702,10-10-2022 11:24:02,0.5926036665,0
121703,10-10-2022 11:25:00,0.5939023735,0
121704,10-10-2022 11:26:43,0.5901326655,0
121801,10-10-2022 11:28:24,0.5895572095,0
121802,10-10-2022 11:29:15,0.5917326385,0
121803,10-10-2022 11:30:26,0.594435176,0
121804,10-10-2022 11:31:36,0.5895960715,0
121901,10-10-2022 11:33:21,0.591495317,0
121902,10-10-2022 11:34:25,0.5917179605,0
121903,10-10-2022 11:36:41,0.5932964145,0
121904,10-10-2022 11:39:41,0.58670745,0
122001,10-10-2022 11:40:53,0.591065211,0
122002,10-10-2022 11:41:36,0.5916814485,0
122003,10-10-2022 11:42:31,0.5924607205,0
122004,10-10-2022 11:43:29,0.5891375875,0
122101,10-10-2022 11:44:44,0.589876524,0
122102,10-10-2022 11:46:17,0.5902196495,0
122103,10-10-2022 11:47:36,0.590673835,0
122104,10-10-2022 11:49:00,0.5879956935,0
122201,10-10-2022 11:50:13,0.588692793,0
122202,10-10-2022 11:51:32,0.588654041,0
122203,10-10-2022 11:53:13,0.5893261615,0
122204,10-10-2022 11:54:27,0.588880376,0
122301,10-10-2022 11:55:59,0.586996564,0
122302,10-10-2022 11:57:15,0.585241443,0
122303,10-10-2022 11:58:24,0.589791211,0
122304,10-10-2022 11:59:36,0.5883561785,0
122401,10-10-2022 12:01:17,0.588376436,0
122402,10-10-2022 12:57:53,0.589470846,0
122403,10-10-2022 12:59:33,0.5885849185,0
122404,10-10-2022 13:00:37,0.5881902455,0
122501,10-10-2022 13:02:02,0.5872105395,0
122502,10-10-2022 13:03:50,0.589432257,0
122503,10-10-2022 13:04:49,0.5871741725,0
122504,10-10-2022 13:06:05,0.588209412,0
122601,10-10-2022 13:07:45,0.5862295685,0
122602,10-10-2022 13:09:14,0.5845238905,0
122703,10-10-2022 13:10:12,0.586916578,0
122604,10-10-2022 13:11:47,0.584649567,0
122701,10-10-2022 13:13:02,0.586689637,0
122603,10-10-2022 13:15:25,0.5855564145,0
122702,10-10-2022 13:18:19,0.5853320385,0
122704,10-10-2022 13:19:46,0.5882229005,0
122801,10-10-2022 13:21:12,0.587679384,0
122802,10-10-2022 13:22:48,0.5825148795,0
122803,10-10-2022 13:24:17,0.5887632245,0
122804,10-10-2022 13:25:35,0.588059422,0
122901,10-10-2022 14:41:56,0.5465407735,1
122902,10-10-2022 14:44:38,0.542920577,1
122903,10-10-2022 14:46:07,0.542080735,1
122904,10-10-2022 14:46:55,0.5431498285,1
123001,10-10-2022 14:48:25,0.539682549,1
123002,10-10-2022 14:49:49,0.541805357,1
123003,10-10-2022 14:51:25,0.5433251875,1
123004,10-10-2022 14:52:30,0.541155482,1
123101,10-10-2022 14:53:58,0.542980501,1
123102,10-10-2022 14:55:06,0.5385264485,1
123103,27-10-2022 14:51:34,0.5516943465,1
123104,27-10-2022 14:52:57,0.544123891,1
123201,27-10-2022 15:05:02,0.538506972,1
123202,27-10-2022 15:06:02,0.54149273,1
123203,27-10-2022 15:07:52,0.542956752,1
123204,27-10-2022 15:09:32,0.542705101,1
123301,27-10-2022 15:11:01,0.5418270735,1
123302,27-10-2022 15:12:53,0.5425128775,1
123303,27-10-2022 15:14:46,0.543916763,1
123304,27-10-2022 15:16:28,0.541805553,1
123401,27-10-2022 15:18:35,0.541388276,1
123402,27-10-2022 15:20:02,0.541381681,1
123403,27-10-2022 15:21:56,0.5420626015,1
123404,27-10-2022 15:23:48,0.5413276675,1
123501,27-10-2022 15:25:31,0.541765455,1
123502,27-10-2022 15:27:04,0.542778193,1
123503,27-10-2022 15:29:25,0.540384638,1
123504,27-10-2022 15:30:47,0.541191923,1
123601,27-10-2022 15:32:31,0.539981529,1
123602,27-10-2022 15:34:32,0.5425378975,1
123603,27-10-2022 15:35:54,0.5410503625,1
123604,27-10-2022 15:37:43,0.539843607,1
123701,27-10-2022 15:39:34,0.5421434145,1
123702,27-10-2022 15:41:17,0.54364914,1
123703,27-10-2022 15:43:11,0.5387929615,1
123704,27-10-2022 15:44:59,0.5405711905,1
123801,27-10-2022 15:46:31,0.541789606,1
123802,27-10-2022 15:48:40,0.5419067295,1
123803,27-10-2022 15:50:13,0.543333898,1
123804,27-10-2022 15:51:49,0.544612554,1
123901,27-10-2022 15:53:37,0.5423350195,1
123902,27-10-2022 15:55:19,0.5429214705,1
123903,27-10-2022 15:57:10,0.537016958,1
123904,27-10-2022 15:58:45,0.5372692085,1
124001,27-10-2022 16:00:46,0.542959193,1
124002,27-10-2022 16:02:14,0.5383129865,1
124003,27-10-2022 16:04:02,0.537876586,1
124004,27-10-2022 16:07:03,0.539422721,1
124101,31-10-2022 14:13:02,0.5456457525,1
124102,31-10-2022 14:15:45,0.5520330525,1
124103,31-10-2022 14:17:24,0.55824872,1
124104,31-10-2022 14:20:29,0.549866688,1
124201,31-10-2022 14:21:53,0.5538033195,1
124202,31-10-2022 14:24:20,0.552160622,1
124203,31-10-2022 14:28:27,0.551355526,1
124204,31-10-2022 14:30:41,0.551416395,1
124301,31-10-2022 14:31:34,0.551290077,1
124302,31-10-2022 14:32:50,0.554899799,1
124303,31-10-2022 14:35:24,0.5562925255,1
124304,31-10-2022 14:36:03,0.5195473315,1
124401,31-10-2022 14:37:00,0.5523649785,1
124402,31-10-2022 14:37:58,0.554171518,1
124403,31-10-2022 14:40:50,0.5576128985,1
124404,31-10-2022 14:44:57,0.5487221685,1
124501,31-10-2022 14:45:35,0.5541441355,1
124502,31-10-2022 14:46:30,0.549211413,1
124503,31-10-2022 14:47:32,0.5509080975,1
124504,31-10-2022 14:48:46,0.553826281,1
124601,31-10-2022 14:51:45,0.5477325525,1
124602,31-10-2022 14:52:24,0.55427964,1
124603,31-10-2022 14:53:31,0.5566405145,1
124604,31-10-2022 15:02:57,0.5569548895,1
124701,31-10-2022 15:03:38,0.555158004,1
124702,31-10-2022 15:04:46,0.556363663,1
124703,31-10-2022 15:05:45,0.556576995,1
124704,31-10-2022 15:06:49,0.5529857155,1
124801,31-10-2022 15:12:44,0.5537750725,1
124802,31-10-2022 15:13:33,0.5543811085,1
124803,31-10-2022 15:14:18,0.5453888995,1
124804,31-10-2022 15:14:53,0.556763687,1
124901,31-10-2022 15:15:24,0.561474043,1
