1001 Teilenummer;;;;;;;
1002 Teilebezeichnung;Kolbenstange_V5;;Kolbenstange_V5;;Kolbenstange_V5;;
2002 Merkmalbezeichnung;Koaxalit�t;;Durchmesser nach Gewinde;;L�nge;;
2101 Nennma�;0,0000;;0,0000;;163,6000;;
2104 Toleranzwert;0;;0;;0;;
2110 Untere Spezifikationsgrenze;0,0000;;-0,0180;;163,4500;;
2111 Obere Spezifikationsgrenze;50,0000;;0,0180;;163,7500;;
Messwerte;14 Teileidentnummer;1 Messwert;14 Teileidentnummer;1 Messwert;14 Teileidentnummer;1 Messwert;
;211203;31,1;211203;0,007;211203;163,644;
;211201;17,1;211201;0,004;211201;163,643;
;211302;40,1;211302;-0,003;211302;163,7;
;211301;17,4;211301;0,008;211301;163,631;
;211103;48,1;211103;-0,007;211103;163,629;
;211101;96,7;211101;-0,007;211101;163,713;
;211003;32,2;211003;0,007;211003;163,644;
;211001;54,9;211001;0,013;211001;163,698;
;210903;21,7;210903;0,006;210903;163,645;
;210901;31,9;210901;0,005;210901;163,647;
;210804;43,7;210804;0,003;210804;163,638;
;211204;11,1;211204;0,005;211204;163,685;
;211202;23;211202;-0,001;211202;163,732;
;210803;32,9;210803;0,002;210803;163,705;
;210902;9,64;210902;0,009;210902;163,632;
;210904;46,4;210904;0,007;210904;163,677;
;211002;40;211002;0,008;211002;163,622;
;211104;48,6;211104;-0,005;211104;163,685;
;211004;33,7;211004;0,006;211004;163,623;
;211102;44,2;211102;-0,015;211102;163,6;
;211401;18,5;211401;-0,007;211401;163,609;
;211403;52,4;211403;-0,009;211403;163,607;
;211501;38,6;211501;0,014;211501;163,602;
;211303;24,3;211303;0,003;211303;163,607;
;211604;35;211604;0,01;211604;163,606;
;211603;31,5;211603;0,007;211603;163,61;
;211503;39,1;211503;0,019;211503;163,611;
;211601;37,7;211601;0,017;211601;163,638;
;211304;32,2;211304;0,005;211304;163,604;
;211402;27,4;211402;-0,006;211402;163,652;
;211404;20,2;211404;-0,005;211404;163,612;
;211502;38,3;211502;0,01;211502;163,631;
;211504;37,4;211504;0,009;211504;163,604;
;211602;45,9;211602;0,01;211602;163,609;
;210304;33,7;210304;-0,002;210304;163,611;
;210402;42,9;210402;-0,002;210402;163,614;
;210404;24,3;210404;-0,002;210404;163,613;
;210502;22,6;210502;0;210502;163,631;
;210504;35,9;210504;0,002;210504;163,617;
;210602;36,4;210602;0;210602;163,668;
;210604;36,8;210604;0,001;210604;163,625;
;210702;44,2;210702;-0,001;210702;163,61;
;210802;12,9;210802;0,003;210802;163,612;
;210704;49,4;210704;-0,002;210704;163,611;
;210302;32;210302;-0,003;210302;163,614;
;210801;44,1;210801;0,011;210801;163,61;
;210703;30,9;210703;0,002;210703;163,616;
;210701;24,6;210701;0,005;210701;163,611;
;210603;42,8;210603;-0,002;210603;163,614;
;210601;67,4;210601;0,008;210601;163,607;
;210503;29;210503;0,003;210503;163,606;
;210501;40,3;210501;0,006;210501;163,592;
;210403;42,4;210403;0;210403;163,587;
;210401;14;210401;0,001;210401;163,595;
;210303;36;210303;-0,002;210303;163,598;
;209802;35,1;209802;-0,011;209802;163,586;
;209804;19,9;209804;-0,01;209804;163,584;
;209902;35,7;209902;-0,005;209902;163,654;
;209904;27;209904;-0,002;209904;163,582;
;210002;28,3;210002;0,005;210002;163,7;
;210004;55,3;210004;0,01;210004;163,636;
;210204;36,2;210204;0,002;210204;163,65;
;210202;29,8;210202;0,003;210202;163,637;
;210104;21,7;210104;0,006;210104;163,691;
;210102;31,2;210102;0,009;210102;163,659;
;210301;42,5;210301;0,005;210301;163,665;
;210203;30,2;210203;0,007;210203;163,648;
;210201;10,1;210201;0,006;210201;163,672;
;210103;53,7;210103;0,009;210103;163,665;
;210101;42,8;210101;0,008;210101;163,646;
;210003;30,4;210003;0,008;210003;163,635;
;209801;60,7;209801;-0,007;209801;163,733;
;210001;21,9;210001;0,011;210001;163,702;
;209803;44,6;209803;0,005;209803;163,63;
;209903;15,9;209903;0,006;209903;163,641;
;209901;24,6;209901;0,01;209901;163,627;
;209704;43,2;209704;0,012;209704;163,681;
;209702;33,9;209702;0,011;209702;163,651;
;209604;19,9;209604;0,006;209604;163,716;
;209602;41,1;209602;-0,004;209602;163,659;
;209504;24,6;209504;0,008;209504;163,686;
;209502;59,4;209502;0,007;209502;163,662;
;209404;39,1;209404;0,014;209404;163,629;
;209402;15,9;209402;0,013;209402;163,641;
;209304;57;209304;0,017;209304;163,652;
;209703;45,6;209703;0,015;209703;163,676;
;209701;25,5;209701;0,012;209701;163,653;
;209501;29;209501;0,015;209501;163,729;
;209303;21,8;209303;0,002;209303;163,712;
;209603;24,5;209603;-0,011;209603;163,703;
;209601;32,1;209601;-0,007;209601;163,702;
;209503;26,7;209503;-0,004;209503;163,675;
;209403;5,13;209403;-0,002;209403;163,727;
;209401;30,4;209401;0,006;209401;163,655;
;209302;29,8;209302;0,002;209302;163,666;
;209301;38,9;209301;0,01;209301;163,643;
;209203;50,9;209203;0;209203;163,484;
;209201;27,7;209201;0,009;209201;163,666;
;209103;42,5;209103;0;209103;163,619;
;209101;44,6;209101;0,005;209101;163,64;
;209003;20,36;209003;-0,001;209003;163,703;
;209001;25;209001;0,003;209001;163,69;
;208903;19,8;208903;0,001;208903;163,671;
;208901;31,4;208901;0,007;208901;163,692;
;208803;61,7;208803;0,002;208803;163,624;
;208801;40,4;208801;0,005;208801;163,637;
;208301;8,9;208301;-0,004;208301;163,563;
;208802;30,7;208802;-0,002;208802;163,643;
;208303;25,2;208303;-0,005;208303;163,63;
;208804;39,6;208804;-0,001;208804;163,64;
;208401;33,2;208401;0,01;208401;163,625;
;208403;41,8;208403;0,002;208403;163,642;
;208501;5,53;208501;0,009;208501;163,731;
;209204;23,2;209204;-0,004;209204;163,731;
;208503;17,3;208503;0,003;208503;163,638;
;208601;50;208601;0,004;208601;163,561;
;208603;91,3;208603;0,003;208603;163,634;
;208701;12,1;208701;0,014;208701;163,511;
;208703;11,6;208703;0,009;208703;163,633;
;208902;15,9;208902;0,002;208902;163,637;
;208904;41,9;208904;0,002;208904;163,671;
;209002;37,1;209002;0,003;209002;163,643;
;209004;27,4;209004;0,004;209004;163,64;
;209102;36,8;209102;-0,001;209102;163,709;
;209104;50,1;209104;0,005;209104;163,636;
;209202;44;209202;0,004;209202;163,682;
;208302;37,8;208302;-0,003;208302;163,614;
;208702;15;208702;0,004;208702;163,648;
;208704;32;208704;0,003;208704;163,632;
;208304;33,8;208304;-0,005;208304;163,671;
;208604;31,8;208604;-0,003;208604;163,63;
;208602;32,8;208602;-0,001;208602;163,635;
;208504;14,2;208504;-0,001;208504;163,686;
;208402;16,9;208402;-0,001;208402;163,624;
;208502;31,1;208502;0;208502;163,642;
;208404;35,7;208404;0,002;208404;163,663;
;207302;30,3;207302;0,001;207302;163,668;
;207304;26,4;207304;0;207304;163,654;
;207402;30,3;207402;0,005;207402;163,654;
;224904;15,5;224904;-0,0065;224904;163,668;
;225002;12,5;225002;0,0015;225002;163,667;
;224902;38;224902;-0,0125;224902;163,663;
;224804;47,3;224804;0,009;224804;163,668;
;225001;18,9;225001;-0,0055;225001;163,69;
;225003;7,41;225003;0,008;225003;163,691;
;224903;19,2;224903;-0,0055;224903;163,681;
;224803;37;224803;-0,0035;224901;163,663;
;224801;41;224801;-0,0005;224801;163,655;
;224603;42,6;224603;-0,016;224603;163,669;
;224601;18,9;224601;-0,014;224601;163,669;
;224503;34,1;224503;-0,0015;224503;163,663;
;224501;32,8;224501;-0,016;224501;163,663;
;224403;39,4;224403;0,002;224403;163,687;
;224701;13;224701;-0,001;224701;163,669;
;224401;33,4;224401;0,0125;224401;163,69;
;224303;61,5;224303;0,018;224303;163,686;
;224703;30;224703;-0,013;224703;163,686;
;224704;44,6;224704;-0,004;224704;163,674;
;224702;28,7;224702;-0,0005;224702;163,671;
;224604;36,7;224604;0,0055;224604;163,708;
;224602;21;224602;-0,011;224602;163,674;
;224504;14;224504;-0,017;224504;163,685;
;224502;15,8;224502;-0,0055;224502;163,666;
;224404;44;224404;-0,0035;224404;163,678;
;224402;37,4;224402;-0,0065;224402;163,686;
;224304;26,9;224304;0,0155;224304;163,68;
;224302;56,1;224302;-0,003;224302;163,685;
;224301;50,4;224301;0,008;224301;163,724;
;224204;35,3;224204;0,0135;224204;163,682;
;224201;57;224201;0,001;224201;163,713;
;224202;52,3;224202;-0,007;224202;163,683;
;224103;64,1;224103;0,004;224103;163,706;
;224203;41,8;224203;0,0005;224203;163,701;
;224104;56,5;224104;0,001;224104;163,721;
;224001;70,2;224001;-0,004;224001;163,702;
;224003;30,1;224003;0,0015;224003;163,715;
;224101;63,9;224101;0,0035;224101;163,728;
;223804;40,2;223804;-0,0115;223804;163,707;
;223803;29,6;223803;-0,0095;223803;163,682;
;223904;40,8;223904;0,0045;223904;163,725;
;223903;58,3;223903;0,0015;223903;163,638;
;223902;28,1;223902;0,0045;223902;163,687;
;223901;60;223901;0,001;223901;163,733;
;224002;43,7;224002;0,0115;224002;163,71;
;223802;29,2;223802;-0,009;223802;163,676;
;224102;48;224102;0,005;224102;163,657;
;224004;66,3;224004;-0,005;224004;163,741;
;223504;19,2;223504;-0,0115;223504;163,661;
;223702;33,1;223702;-0,0135;223702;163,644;
;223704;45;223704;-0,0155;223704;163,705;
;223602;23,8;223602;-0,016;223602;163,656;
;223801;57,7;223801;-0,0035;223801;163,755;
;223304;28,8;223304;0,017;223304;163,654;
;223302;24,4;223302;0,027;223302;163,705;
;223402;19,6;223402;-0,005;223402;163,667;
;223404;21,2;223404;-0,0105;223404;163,658;
;223604;41;223604;-0,013;223604;163,658;
;223502;20,6;223502;-0,0065;223502;163,669;
;223301;16;223301;0,0205;223301;163,671;
;223503;31,8;223503;0,0135;223503;163,667;
;223701;11,8;223701;-0,0055;223701;163,654;
;223303;22,5;223303;0,02;223303;163,654;
;223603;3,79;223603;-0,018;223603;163,666;
;223403;17,8;223403;-0,0055;223403;163,657;
;223401;4,79;223401;-0,006;223401;163,642;
;223601;49,3;223601;-0,0115;223601;163,647;
;223501;31,7;223501;-0,006;223501;163,661;
;223703;29,2;223703;-0,0115;223703;163,639;
;223202;41,9;223202;0,0175;223202;163,676;
;223104;7,57;223104;0,013;223104;163,656;
;223102;11,8;223102;0,0175;223102;163,667;
;223204;39,7;223204;0,0165;223204;163,674;
;223004;6,22;223004;0,018;223004;163,679;
;223203;36,9;223203;0,0135;223203;163,667;
;223201;26,9;223201;0,015;223201;163,662;
;223103;30,5;223103;0,014;223103;163,682;
;223003;75,3;223003;0,015;223003;163,68;
;223001;54,3;223001;0,012;223001;163,681;
;222903;60;222903;0,005;222903;163,704;
;223101;9,87;223101;0,018;223101;163,665;
;222901;31,9;222901;0,0005;222901;163,696;
;222802;57,3;222802;0,0055;222802;163,692;
;222902;23,4;222902;0,005;222902;163,69;
;222804;62,6;222804;0,0075;222804;163,689;
;222904;34,3;222904;0,007;222904;163,687;
;223002;29,5;223002;0,018;223002;163,666;
;222801;46,4;222801;0,005;222801;163,68;
;222803;24,3;222803;0,0065;222803;163,684;
;207502;47,8;207502;-0,0015;207502;163,633;
;207801;48,9;207801;0,0005;207801;163,608;
;208001;37,5;208001;0,011;208001;163,622;
;207901;20,4;207901;0,008;207901;163,633;
;207903;29,6;207903;-0,0015;207903;163,633;
;208003;36,9;208003;0,008;208003;163,61;
;207803;45,9;207803;-0,008;207803;163,615;
;208101;56,8;208101;0,013;208101;163,615;
;208103;36,7;208103;-0,004;208103;163,658;
;207802;39,2;207802;-0,003;207802;163,617;
;207804;34,2;207804;-0,005;207804;163,621;
;208201;45,4;208201;-0,0025;208201;163,617;
;208203;46,5;208203;-0,0105;208203;163,612;
;207902;24,9;207902;0,0015;207902;163,627;
;207904;19,6;207904;0,0005;207904;163,615;
;208004;17,3;208004;0,0105;208004;163,674;
;207203;44,8;207203;-0,001;207203;163,646;
;225004;27,9;225004;0,003;225004;163,722;
;208202;40,9;208202;-0,006;208202;163,676;
;208204;23,4;208204;0,002;208204;163,624;
;207504;31,6;207504;-0,001;207504;163,625;
;207602;24,3;207602;-0,002;207602;163,673;
;207702;35,7;207702;-0,005;207702;163,656;
;207704;33,8;207704;0,0015;207704;163,623;
;207703;32,7;207703;-0,0055;207703;163,614;
;207701;38,2;207701;0,0045;207701;163,63;
;207603;5,73;207603;-0,0025;207603;163,615;
;207601;38,7;207601;0,002;207601;163,626;
;207503;50,1;207503;-0,0015;207503;163,66;
;207403;41,2;207403;0,0015;207403;163,615;
;207401;12,7;207401;0,001;207401;163,618;
;207303;40,3;207303;-0,011;207303;163,624;
;207301;21,4;207301;-0,002;207301;163,625;
;206503;44,1;206503;-0,0035;206503;163,629;
;206501;71,3;206501;0,0045;206501;163,719;
;206403;24,1;206403;-0,0065;206403;163,637;
;207204;50,2;207204;-0,0075;207204;163,632;
;207202;40,3;207202;-0,001;207202;163,617;
;207201;57,6;207201;-0,001;207201;163,63;
;206201;33,4;206201;0,0085;206201;163,609;
;206203;13,6;206203;-0,007;206203;163,628;
;206301;12,5;206301;0;206301;163,645;
;206303;15,7;206303;-0,0115;206303;163,614;
;206401;22,5;206401;0,0015;206401;163,62;
;206504;45,9;206504;-0,008;206504;163,609;
;206502;31,5;206502;-0,003;206502;163,687;
;206404;35,6;206404;-0,0075;206404;163,673;
;206402;28,8;206402;-0,002;206402;163,622;
;206304;47,7;206304;-0,0155;206304;163,608;
;206302;37,7;206302;-0,004;206302;163,617;
;206204;17,8;206204;-0,012;206204;163,612;
;206202;9,26;206202;-0,0035;206202;163,613;
;206104;33;206104;-0,007;206104;163,616;
;206103;41,7;206103;-0,008;206103;163,62;
;206102;64,4;206102;0,0065;206102;163,61;
;206701;62,8;206701;0,004;206701;163,479;
;206703;49,8;206703;-0,0035;206703;163,612;
;206801;24,1;206801;-0,005;206801;163,612;
;206803;20,6;206803;-0,0125;206803;163,613;
;206901;65;206901;-0,003;206901;163,619;
;206903;23,9;206903;-0,008;206903;163,626;
;207001;22,5;207001;0,002;207001;163,644;
;207003;46,5;207003;-0,0005;207003;163,62;
;207101;47,4;207101;-0,0105;207101;163,643;
;207103;64,3;207103;0,0005;207103;163,622;
;207004;22,8;207004;0,003;207004;163,62;
;207002;9,83;207002;-0,007;207002;163,653;
;206904;55,9;206904;-0,007;206904;163,692;
;206902;30,9;206902;-0,0045;206902;163,611;
;206804;25,1;206804;-0,001;206804;163,603;
;206802;6,54;206802;-0,005;206802;163,646;
;206704;13,2;206704;-0,01;206704;163,601;
;206702;14,3;206702;-0,0025;206702;163,622;
;206604;25,5;206604;-0,011;206604;163,623;
;206602;41,7;206602;0,002;206602;163,607;
;206603;67,6;206603;-0,0075;206603;163,608;
;205101;35,3;205101;0,001;205101;163,634;
;205103;30,7;205103;-0,0065;205103;163,702;
;205201;17,8;205201;0;205201;163,692;
;205203;22;205203;-0,0095;205203;163,668;
;205301;17,9;205301;0,0005;205301;163,657;
;205303;37;205303;-0,006;205303;163,651;
;205401;29,4;205401;0,0055;205401;163,636;
;205403;53,8;205403;-0,004;205403;163,742;
;205501;48,3;205501;-0,0045;205501;163,692;
;205503;62,2;205503;-0,0115;205503;163,646;
;205202;21,1;205202;-0,0005;205202;163,673;
;205304;34,3;205304;-0,0105;205304;163,652;
;205204;44;205204;-0,0075;205204;163,646;
;205402;54,1;205402;-0,0045;205402;163,636;
;205404;45,1;205404;-0,008;205404;163,695;
;205502;37,5;205502;-0,008;205502;163,658;
;205504;35,4;205504;-0,0095;205504;163,701;
;205903;12,7;205903;-0,014;205903;163,653;
;205901;41,8;205901;-0,005;205901;163,623;
;205803;20,1;205803;-0,012;205803;163,69;
;205801;66,4;205801;0;205801;163,698;
;205703;39,2;205703;-0,0095;205703;163,645;
;205701;30,6;205701;-0,0015;205701;163,649;
;205603;46,3;205603;-0,0095;205603;163,646;
;206002;41,5;206002;-0,01;206002;163,62;
;206004;22,2;206004;-0,0135;206004;163,61;
;205904;49,2;205904;-0,0175;205904;163,639;
;205902;46;205902;-0,021;205902;163,676;
;205804;36,7;205804;-0,0135;205804;163,644;
;205802;31,5;205802;-0,0115;205802;163,743;
;205704;58,2;205704;-0,0125;205704;163,646;
;205702;35,3;205702;-0,003;205702;163,655;
;205604;20,2;205604;-0,011;205604;163,656;
;205602;40,1;205602;-0,0115;205602;163,734;
;205004;34,6;205004;-0,0025;205004;163,632;
;205002;46,7;205002;-0,002;205002;163,639;
;204903;66,6;204903;-0,0005;204903;163,636;
;204901;55,6;204901;0,0015;204901;163,64;
;204803;25,1;204803;-0,0095;204803;163,639;
;204801;23,1;204801;-0,002;204801;163,643;
;204703;19,6;204703;-0,0085;204703;163,638;
;204603;18;204603;-0,0015;204603;163,672;
;204601;20;204601;0,009;204601;163,659;
;205001;5,6;205001;0;205001;163,669;
;204004;18;204004;-0,0035;204004;163,665;
;205003;15,9;205003;-0,0025;205003;163,648;
;204904;66,6;204904;0,002;204904;163,644;
;204804;45,8;204804;-0,0045;204804;163,647;
;204802;27,9;204802;0;204802;163,637;
;204704;47,4;204704;-0,0015;204704;163,686;
;204702;23,9;204702;-0,0075;204702;163,639;
;204604;36,5;204604;-0,0025;204604;163,681;
;204602;59,2;204602;0,003;204602;163,633;
;204503;37,1;204503;0,0045;204503;163,711;
;204502;13,3;204502;0,0075;204502;163,736;
;204404;17;204404;-0,005;204404;163,681;
;204402;18,8;204402;-0,004;204402;163,74;
;204304;55,5;204304;-0,006;204304;163,653;
;204302;32,5;204302;-0,0065;204302;163,712;
;204204;30,8;204204;-0,0055;204204;163,669;
;204202;23,2;204202;-0,0045;204202;163,668;
;204104;46,6;204104;-0,0065;204104;163,685;
;204103;71,6;204103;-0,007;204103;163,707;
;204504;21,4;204504;0,004;204504;163,658;
;204501;43;204501;0,0085;204501;163,669;
;204403;16,5;204403;-0,0065;204403;163,663;
;204401;40;204401;-0,0055;204401;163,66;
;204303;46,6;204303;-0,0065;204303;163,732;
;204301;46;204301;-0,006;204301;163,666;
;204203;13,1;204203;-0,0035;204203;163,668;
;204102;63,9;204102;-0,0015;204102;163,739;
;204201;16;204201;-0,0035;204201;163,671;
;203402;55,3;203402;-0,0095;203402;163,665;
;203304;17,1;203304;-0,007;203304;163,683;
;203504;49,7;203504;-0,01;203504;163,66;
;203404;67,7;203404;-0,007;203404;163,695;
;204101;49,8;204101;-0,0025;204101;163,674;
;203502;8,75;203502;-0,0105;203502;163,665;
;203102;65;203102;-0,0125;203102;163,668;
;203104;68,6;203104;-0,0105;203104;163,666;
;203202;28,2;203202;-0,009;203202;163,688;
;203204;39,1;203204;-0,0115;203204;163,669;
;203302;38,9;203302;-0,0055;203302;163,668;
;203501;3,89;203501;-0,0055;203501;163,673;
;203401;45,6;203401;-0,006;203401;163,694;
;203303;23,9;203303;-0,0045;203303;163,678;
;203403;63;203403;-0,0075;203403;163,683;
;203602;31,9;203602;-0,0105;203602;163,66;
;204003;38,4;204003;-0,01;204003;163,691;
;204001;23,6;204001;-0,003;204001;163,671;
;203903;42,2;203903;-0,006;203903;163,713;
;203901;25,9;203901;-0,003;203901;163,681;
;203801;39,5;203801;-0,0075;203801;163,674;
;203803;22,2;203803;-0,01;203803;163,666;
;203604;37,4;203604;-0,0095;203604;163,668;
;203702;48,8;203702;-0,0035;203702;163,684;
;204002;11,8;204002;-0,002;204002;163,678;
;203904;31,2;203904;-0,0055;203904;163,672;
;203902;20;203902;-0,005;203902;163,68;
;203804;27,3;203804;-0,009;203804;163,69;
;203802;18,7;203802;-0,0115;203802;163,679;
;203704;35,9;203704;-0,0055;203704;163,671;
;203703;37,2;203703;-0,005;203703;163,674;
;203701;38,5;203701;-0,007;203701;163,667;
;203603;11,3;203603;-0,005;203603;163,664;
;203003;49,9;203003;-0,006;203003;163,698;
;203001;49,6;203001;-0,004;203001;163,676;
;202903;13,7;202903;-0,0075;202903;163,68;
;202901;25,8;202901;-0,0065;202901;163,673;
;202803;61;202803;-0,0025;202803;163,678;
;203301;24,4;203301;-0,0085;203301;163,693;
;202801;45,2;202801;-0,006;202801;163,493;
;203601;60;203601;-0,0045;203601;163,665;
;203103;57,4;203103;-0,0095;203103;163,672;
;203004;48,5;203004;-0,0075;203004;163,738;
;203002;50,6;203002;-0,01;203002;163,688;
;202902;40,6;202902;-0,007;202902;163,699;
;202804;49;202804;-0,011;202804;163,697;
;202703;43,8;202703;0,0015;202703;163,67;
;202702;38,2;202702;0,005;202702;163,749;
;202701;42,1;202701;0,0065;202701;163,693;
;202604;43,5;202604;-0,001;202604;163,684;
;202603;2,96;202603;-0,0005;202603;163,729;
;202602;8,22;202602;-0,0025;202602;163,661;
;202601;13,4;202601;-0,002;202601;163,694;
;203101;66,8;203101;-0,0115;203101;163,691;
;203503;17,2;203503;-0,007;203503;163,683;
;202504;18,3;202504;-0,003;202504;163,743;
;202503;18,9;202503;-0,0025;202503;163,656;
;202501;12,1;202501;0;202501;163,669;
;202304;35,3;202304;-0,006;202304;163,663;
;202401;43,7;202401;-0,0045;202401;163,67;
;202303;39,9;202303;-0,0055;202303;163,669;
;202402;42,9;202402;-0,008;202402;163,656;
;202301;39;202301;-0,002;202301;163,725;
;202302;65,1;202302;-0,0065;202302;163,661;
;202403;17,3;202403;-0,0055;202403;163,671;
;202404;18,9;202404;-0,0075;202404;163,661;
;202104;35,6;202104;-0,0075;202104;163,743;
;202201;4,94;202201;-0,0025;202201;163,667;
;202204;29,3;202204;-0,006;202204;163,699;
;202202;29,4;202202;-0,008;202202;163,667;
;202103;47,8;202103;-0,003;202103;163,739;
;202203;29,9;202203;-0,0065;202203;163,703;
;202102;23,4;202102;-0,005;202102;163,672;
;201903;40,2;201903;-0,006;201903;163,662;
;202003;48,6;202003;-0,004;202003;163,692;
;202002;25,1;202002;-0,0065;202002;163,672;
;201904;16,4;201904;-0,0075;201904;163,71;
;202001;41,9;202001;-0,0085;202001;163,706;
;201902;41;201902;-0,0075;201902;163,669;
;201901;44,4;201901;-0,0055;201901;163,677;
;202502;50,4;202502;-0,004;202502;163,666;
;201804;10,8;201804;-0,008;201804;163,689;
;201803;24,9;201803;-0,006;201803;163,713;
;201802;32,1;201802;-0,006;201802;163,655;
;201801;22,2;201801;-0,0045;201801;163,672;
;201704;42,8;201704;-0,002;201704;163,73;
;201703;42,7;201703;-0,007;201703;163,702;
;201702;41,8;201702;-0,0075;201702;163,73;
;201701;45,6;201701;-0,005;201701;163,682;
;201604;6,32;201604;-0,003;201604;163,715;
;201603;8,22;201603;-0,004;201603;163,674;
;201602;25;201602;-0,0025;201602;163,709;
;201601;38,3;201601;-0,003;201601;163,67;
;201504;26,6;201504;-0,0005;201504;163,675;
;201503;29,5;201503;-0,0015;201503;163,661;
;201502;56,7;201502;-0,0025;201502;163,661;
;201404;34;201404;-0,002;201404;163,672;
;201403;22,7;201403;0,001;201403;163,669;
;201402;34,4;201402;-0,0015;201402;163,662;
;201401;33,3;201401;-0,0025;201401;163,653;
;201304;54,6;201304;0,008;201304;163,663;
;201303;41,9;201303;0,002;201303;163,66;
;201302;49,4;201302;0,0005;201302;163,701;
;201301;55,1;201301;0,0025;201301;163,667;
;201202;44,2;201202;-0,001;201202;163,662;
;201201;46,9;201201;0,005;201201;163,654;
;201104;42,3;201104;0,005;201104;163,714;
;201103;45,6;201103;0,0055;201103;163,652;
;201102;35,9;201102;0,0095;201102;163,656;
;201101;21,4;201101;0,0065;201101;163,654;
;202101;38,7;202101;-0,002;202101;163,662;
;201004;24,1;201004;-0,0035;201004;163,639;
;201003;17;201003;-0,003;201003;163,629;
;201002;45,8;201002;-0,0045;201002;163,646;
;201001;20,5;201001;-0,006;201001;163,637;
;200904;50,5;200904;-0,0085;200904;163,646;
;200903;25,1;200903;-0,0085;200903;163,633;
;200902;52,5;200902;-0,003;200902;163,645;
;200901;21,6;200901;-0,005;200901;163,639;
;200804;44,7;200804;-0,003;200804;163,634;
;202004;44;202004;-0,008;202004;163,646;
;200803;24;200803;-0,0025;200803;163,629;
;200802;36,6;200802;-0,0055;200802;163,628;
;200801;28,2;200801;-0,002;200801;163,58;
;200704;13,9;200704;-0,005;200704;163,629;
;200703;55,1;200703;-0,0075;200703;163,629;
;200702;35,6;200702;-0,0025;200702;163,692;
;200701;6,31;200701;-0,0005;200701;163,656;
;200604;38;200604;-0,006;200604;163,644;
;200603;7,72;200603;-0,0025;200603;163,689;
;200602;22,5;200602;-0,0015;200602;163,678;
;200601;7,31;200601;0;200601;163,694;
;201501;23,6;201501;-0,005;201501;163,653;
;200501;49,6;200501;0,003;200501;163,675;
;200503;45,5;200503;0;200503;163,659;
;200502;48,7;200502;-0,001;200502;163,673;
;200504;39,1;200504;-0,0005;200504;163,648;
;200404;18,4;200404;-0,002;200404;163,659;
;200403;32;200403;-0,0005;200403;163,665;
;200402;13,2;200402;0,001;200402;163,668;
;200401;9,09;200401;0;200401;163,677;
;200304;33,9;200304;0,0005;200304;163,658;
;200303;44;200303;0;200303;163,653;
;200302;22,3;200302;0,0005;200302;163,649;
;200301;34,1;200301;0,0035;200301;163,653;
;200204;42,7;200204;0,004;200204;163,646;
;200203;44,4;200203;0,0055;200203;163,652;
;200202;32,2;200202;0,0045;200202;163,654;
;200201;14,9;200201;0,008;200201;163,671;
;200104;28,8;200104;0,0015;200104;163,66;
;200103;46,2;200103;0,0035;200103;163,66;
;200102;29,2;200102;0,0055;200102;163,656;
;200101;20,3;200101;0,007;200101;163,649;
;221304;42,2;221304;-0,0045;221304;163,65;
;221303;36;221303;-0,0055;221303;163,662;
;222404;38,7;222404;0,0055;222404;163,662;
;222304;8,92;222304;-0,001;222304;163,702;
;222703;47,7;222703;0,006;222703;163,68;
;222502;13,8;222502;0;222502;163,666;
;222501;26,5;222501;-0,0015;222501;163,701;
;222603;19,3;222603;0,005;222603;163,652;
;222702;12,7;222702;0,004;222702;163,676;
;221504;43,3;221504;0,001;221504;163,647;
;221503;29,1;221503;-0,0005;221503;163,653;
;222504;37,2;222504;0;222504;163,662;
;222704;41,5;222704;0,006;222704;163,662;
;222602;36,6;222602;0,0035;222602;163,726;
;221702;24,9;221702;0,0025;221702;163,648;
;222604;40,7;222604;0,0025;222604;163,646;
;221502;7,67;221502;-0,001;221502;163,645;
;221704;37,2;221704;0,0035;221704;163,656;
;221602;35,6;221602;-0,008;221602;163,663;
;222401;30,5;222401;0;222401;163,689;
;222701;49,2;222701;0,0065;222701;163,65;
;222402;12,9;222402;0,001;222402;163,659;
;222301;4,76;222301;0,0015;222301;163,656;
;221703;58,7;221703;0,0015;221703;163,674;
;222303;32,2;222303;0,0005;222303;163,662;
;222503;18,9;222503;0,003;222503;163,653;
;222403;41,9;222403;0,0015;222403;163,662;
;222601;29,9;222601;0,003;222601;163,668;
;221701;32,5;221701;0,0005;221701;163,663;
;221403;39,5;221403;-0,002;221403;163,677;
;221603;43;221603;-0,003;221603;163,662;
;221601;43,5;221601;-0,005;221601;163,661;
;221501;56,3;221501;-0,001;221501;163,658;
;221401;66,5;221401;-0,003;221401;163,659;
;221202;30,9;221202;-0,0055;221202;163,661;
;221201;10,3;221201;-0,0025;221201;163,661;
;221204;31,5;221204;-0,004;221204;163,659;
;221103;47,4;221103;-0,001;221103;163,66;
;221104;26,4;221104;0,0015;221104;163,654;
;221203;22,8;221203;-0,001;221203;163,664;
;221102;24,8;221102;-0,0025;221102;163,658;
;221004;37,5;221004;-0,006;221004;163,652;
;221002;45,6;221002;-0,0045;221002;163,66;
;220802;26,3;220802;-0,0005;220802;163,658;
;220804;38,7;220804;-0,0005;220804;163,658;
;220904;31;220904;0,0005;220904;163,658;
;221604;49,8;221604;-0,007;221604;163,654;
;220902;31,8;220902;0,002;220902;163,653;
;222302;15,5;222302;0,005;222302;163,723;
;221101;49,9;221101;0;221101;163,641;
;221302;50,8;221302;-0,006;221302;163,652;
;221404;42,2;221404;-0,0025;221404;163,658;
;221402;39,6;221402;0,0005;221402;163,66;
;221301;12,4;221301;-0,005;221301;163,656;
